"CÔNG TY CỔ PHẦN DỊCH VỤ VÀ SẢN XUẤT NGUYỄN ĐỨC MINH","","0111138123","Khu lò gạch số 2, Thôn Phúc Am, Xã Hồng Vân, Hà Nội","Đang hoạt động (đã được cấp GCN ĐKT)","23/07/2025","Sản xuất cà phê","https://infodoanhnghiep.com/thong-tin/Cong-Ty-Co-Phan-Dich-Vu-Va-San-Xuat-Nguyen-Duc-Minh-38123.html"
"CÔNG TY CỔ PHẦN THUƠNG MẠI DẦU KHÍ HÀ TÂY","HA TAY PETROLEUM TRADING .,JSC","0111138162","Thôn Yên Phú, Xã Thường Tín, Hà Nội","Đang hoạt động (đã được cấp GCN ĐKT)","23/07/2025","Bán buôn nhiên liệu rắn, lỏng, khí và các sản phẩm liên quan","https://infodoanhnghiep.com/thong-tin/Cong-Ty-Co-Phan-Thuong-Mai-Dau-Khi-Ha-Tay-38162.html"
"CÔNG TY TNHH THƯƠNG MẠI AN HUYỀN","","0111137313","Số 300, đường vắng, thôn 7, Xã Dương Hòa, Hà Nội","Đang hoạt động (đã được cấp GCN ĐKT)","23/07/2025","Bán buôn thực phẩm","https://infodoanhnghiep.com/thong-tin/Cong-Ty-TNHH-Thuong-Mai-An-Huyen-37313.html"
"CÔNG TY TNHH THƯƠNG MẠI VÀ VẬN TẢI CHẤT LƯỢNG CAO AN PHÚ","","0111137225","Trại Gần, Thôn 1, Xã Sơn Đồng, Hà Nội","Đang hoạt động (đã được cấp GCN ĐKT)","23/07/2025","Vận tải hàng hóa bằng đường bộ","https://infodoanhnghiep.com/thong-tin/Cong-Ty-TNHH-Thuong-Mai-Va-Van-Tai-Chat-Luong-Cao-An-Phu-37225.html"
"CÔNG TY TNHH L.C.T","L.C.T CO.,LTD","0111137095","SỐ171 Đường Giảng Võ, Phường Giảng Võ, Hà Nội","Đang hoạt động (đã được cấp GCN ĐKT)","23/07/2025","Hoạt động của các phòng khám đa khoa, chuyên khoa và nha khoa","https://infodoanhnghiep.com/thong-tin/Cong-Ty-TNHH-Lct-37095.html"
"CÔNG TY TNHH PHÂN PHỐI VÀ ĐẦU TƯ ECOGREEN","ECOGREENINVESTMENT AND DISTRIBUTION CO., LTD","0111137306","Căn Offícetel A3-2904, Tầng 29,ToàA3, Ecolife Capitol, 58TỐ Hữu, Phường Đại Mỗ, Hà Nội","Đang hoạt động (đã được cấp GCN ĐKT)","23/07/2025","Vận tải hàng hóa bằng đường bộ","https://infodoanhnghiep.com/thong-tin/Cong-Ty-TNHH-Phan-Phoi-Va-Dau-Tu-Ecogreen-37306.html"
"CÔNG TY TNHH TRUYỀN THÔNG GIẢI TRÍ ĐA PHƯƠNG TIỆN HYPER","HYPER MULTIMEDIA CO., LTD","0111137377","SỐ19TỐ Hữu, Phường Đại Mỗ, Hà Nội","Đang hoạt động (đã được cấp GCN ĐKT)","23/07/2025","","https://infodoanhnghiep.com/thong-tin/Cong-Ty-TNHH-Truyen-Thong-Giai-Tri-Da-Phuong-Tien-Hyper-37377.html"
"CÔNG TY TNHH GẠO TUẤN PHONG","TUAN PHONG RICE CO.,LTD","0111134432","Thôn Tăng cấu Hạ, Xã Vật Lại, Hà Nội","Đang hoạt động (đã được cấp GCN ĐKT)","21/07/2025","Bán buôn gạo, lúa mỳ, hạt ngũ cốc khác, bột mỳ","https://infodoanhnghiep.com/thong-tin/Cong-Ty-TNHH-Gao-Tuan-Phong-34432.html"
"CÔNG TY CỔ PHẦN SYNCFORME","CÔNG TY SYNCFORME","0111134457","Số 9, ngách 89/97 đường Tứ Liên, Phường Hồng Hà, Hà Nội","Đang hoạt động (đã được cấp GCN ĐKT)","21/07/2025","May trang phục (trừ trang phục từ da lông thú)","https://infodoanhnghiep.com/thong-tin/Cong-Ty-Co-Phan-Syncforme-34457.html"
"CÔNG TY TNHH PCCC PHÚC THUỶ AN","","0111134834","Thôn 4, Xã Phúc Thọ, Hà Nội","Đang hoạt động (đã được cấp GCN ĐKT)","21/07/2025","Lắp đặt hệ thống xây dựng khác","https://infodoanhnghiep.com/thong-tin/Cong-Ty-TNHH-PCCC-Phuc-Thuy-An-34834.html"
"CÔNG TY TNHH VB DUY KHÁNH","","0111134827","Số nhà 33, ngõ 52 thôn 8, Xã Phúc Thọ, Hà Nội","Đang hoạt động (đã được cấp GCN ĐKT)","21/07/2025","Bán buôn vải, hàng may mặc, giày dép","https://infodoanhnghiep.com/thong-tin/Cong-Ty-TNHH-Vb-Duy-Khanh-34827.html"
"CÔNG TY TNHH ĐẠI NGỌC AN","","0111134471","Số 3, ngõ 94 đường Tân Xuân, Phường Đông Ngạc, Hà Nội","Đang hoạt động (đã được cấp GCN ĐKT)","21/07/2025","Hoạt động sản xuất phim điện ảnh, phim video và chương trình truyền hình","https://infodoanhnghiep.com/thong-tin/Cong-Ty-TNHH-Dai-Ngoc-An-34471.html"
"CÔNG TY TNHH STD PHẠM NGUYỄN","","0111134464","SỐ719 quốc 1Ộ21, Thôn Tân Phúc, Xã Đoài Phương, Hà Nội","Đang hoạt động (đã được cấp GCN ĐKT)","21/07/2025","Gia công cơ khí; xử lý và tráng phủ kim loại","https://infodoanhnghiep.com/thong-tin/Cong-Ty-TNHH-Std-Pham-Nguyen-34464.html"
"CÔNG TY TNHH ZEROTH JEWELRY","ZEROTH JEWELRY CO., LTD","0111134721","Số 225, ngõ chợ Khâm Thiên, Phường Văn Miếu - Quốc Tử Giám, Hà Nội","Đang hoạt động (đã được cấp GCN ĐKT)","21/07/2025","Bán lẻ hàng hóa khác mới trong các cửa hàng chuyên doanh","https://infodoanhnghiep.com/thong-tin/Cong-Ty-TNHH-Zeroth-Jewelry-34721.html"
"CÔNG TY TNHH GIA MINH FOODS","","0111131671","SỐ21, đường Đồng Bưởi, thôn Mới, Xã Dương Hòa, Hà Nội","Đang hoạt động (đã được cấp GCN ĐKT)","19/07/2025","Bán lẻ thực phẩm trong các cửa hàng chuyên doanh","https://infodoanhnghiep.com/thong-tin/Cong-Ty-TNHH-Gia-Minh-Foods-31671.html"
"CÔNG TY CỔ PHẦN BỆNH VIỆN VIỆT NHẬT MÊ LINH","","0111132812","Khu đô thị Hà Phong, Xã Mê Linh, Hà Nội","Đang hoạt động (đã được cấp GCN ĐKT)","19/07/2025","Hoạt động của các bệnh viện, trạm y tế","https://infodoanhnghiep.com/thong-tin/Cong-Ty-Co-Phan-Benh-Vien-Viet-Nhat-Me-Linh-32812.html"
"CÔNG TY TNHH SẢN XUẤT VÀ CUNG ỨNG THỰC PHẨM TRÍ THÀNH","TRI THANH FOOD CO.,LTD","0111131618","Đội 9, Xã Ngọc Hồi, Hà Nội","Đang hoạt động (đã được cấp GCN ĐKT)","19/07/2025","Bán buôn thực phẩm","https://infodoanhnghiep.com/thong-tin/Cong-Ty-TNHH-San-Xuat-Va-Cung-Ung-Thuc-Pham-Tri-Thanh-31618.html"
"CÔNG TY CỔ PHẦN HELIA HOLDING","HELIA HOLDING.,JSC","0111132594","Số 280 Hoàng Văn Thái, Phường Thanh Xuân, Hà Nội","Đang hoạt động (đã được cấp GCN ĐKT)","19/07/2025","Hoạt động của các phòng khám đa khoa, chuyên khoa và nha khoa","https://infodoanhnghiep.com/thong-tin/Cong-Ty-Co-Phan-Helia-Holding-32594.html"
"CÔNG TY TNHH THƯƠNG MẠI DỊCH VỤ VẠN PHÚ THỊNH","","0111131664","Số nhà 21 ngõ 35, Thôn Đau Tranh, Xã An Khánh, Hà Nội","Đang hoạt động (đã được cấp GCN ĐKT)","19/07/2025","Bán buôn tổng hợp","https://infodoanhnghiep.com/thong-tin/Cong-Ty-TNHH-Thuong-Mai-Dich-Vu-Van-Phu-Thinh-31664.html"
"CÔNG TY TNHH THƯƠNG MẠI VÀ PHÁT TRIỂN DỊCH VỤ 3B","","0111131777","Số 28, ngách 77/25/22, ngõ 298 đường Ngọc Hồi, Thôn Yên Ngưu, Xã Đại Thanh, Hà Nội","Đang hoạt động (đã được cấp GCN ĐKT)","19/07/2025","Bán buôn vải, hàng may mặc, giày dép","https://infodoanhnghiep.com/thong-tin/Cong-Ty-TNHH-Thuong-Mai-Va-Phat-Trien-Dich-Vu-3B-31777.html"
"CÔNG TY TNHH TM HẢI SẢN THÀNH ĐỖ GIA","THANH DO GIA SEAEOOD CO., LTD","0111131897","Số 32, Ngõ 255 Thanh Am, Phường Việt Hưng, Hà Nội","Đang hoạt động (đã được cấp GCN ĐKT)","19/07/2025","Bán buôn thực phẩm","https://infodoanhnghiep.com/thong-tin/Cong-Ty-TNHH-TM-Hai-San-Thanh-Do-Gia-31897.html"
"CÔNG TY TNHH THƯƠNG MẠI QUỐC TẾ TUYẾN NAM","TUYEN NAM INTERNATIONAL TRADING CO., LTD","0111132026","Số nhà 31,TỔ dân phố số 1, Ngõ 908/36 Đường Kim Giang, Phường Thanh Liệt, Hà Nội","Đang hoạt động (đã được cấp GCN ĐKT)","19/07/2025","Bán buôn đồ dùng khác cho gia đình","https://infodoanhnghiep.com/thong-tin/Cong-Ty-TNHH-Thuong-Mai-Quoc-Te-Tuyen-Nam-32026.html"
"CÔNG TY CỔ PHẦN SẢN XUẤT VÀ THƯƠNG MẠI SÀN ĐẸP","SAN DEP PRODUCTION AND TRADING JSC","0111131713","Số 05 liền ke 06 - Tổng cục V, Phường Thanh Liệt, Hà Nội","Đang hoạt động (đã được cấp GCN ĐKT)","19/07/2025","Hoàn thiện công trình xây dựng","https://infodoanhnghiep.com/thong-tin/Cong-Ty-Co-Phan-San-Xuat-Va-Thuong-Mai-San-Dep-31713.html"
"CÔNG TY CỔ PHẦN DỊCH VỤ THƯƠNG MẠI TRÂU VÀNG","TRAU VANG TRADING SERVICE., JSC","0111132629","Số 6 Đường Đông Hạ, Thôn Thái Phù, Xã Sóc Sơn, Hà Nội","Đang hoạt động (đã được cấp GCN ĐKT)","19/07/2025","Vận tải hàng hóa bằng đường bộ","https://infodoanhnghiep.com/thong-tin/Cong-Ty-Co-Phan-Dich-Vu-Thuong-Mai-Trau-Vang-32629.html"
"CÔNG TY TNHH THƯƠNG MẠI HƯNG BẢO KHÁNH","HUNG BAO KHANH TRADING CO.,LTD","0111132555","Thôn Đông Cứu, Xã Thượng Phúc, Hà Nội","Đang hoạt động (đã được cấp GCN ĐKT)","19/07/2025","Bán buôn vật liệu, thiết bị lắp đặt khác trong xây dựng","https://infodoanhnghiep.com/thong-tin/Cong-Ty-TNHH-Thuong-Mai-Hung-Bao-Khanh-32555.html"
"CÔNG TY TNHH SẢN XUẤT VÀ THƯƠNG MẠI ĐỨC PHÚC 88","","0111131819","Thôn Châu Mai, Xã Dân Hòa, Hà Nội","Đang hoạt động (đã được cấp GCN ĐKT)","19/07/2025","Chăn nuôi gia cầm","https://infodoanhnghiep.com/thong-tin/Cong-Ty-TNHH-San-Xuat-Va-Thuong-Mai-Duc-Phuc-88-31819.html"
"CÔNG TY TNHH CHĂN NUÔI TÙNG ANH","","0111131865","Số nhà 142 Đường số 1 Thôn Châu Mai, Xã Dân Hòa, Hà Nội","Đang hoạt động (đã được cấp GCN ĐKT)","19/07/2025","Chăn nuôi gia cầm","https://infodoanhnghiep.com/thong-tin/Cong-Ty-TNHH-Chan-Nuoi-Tung-Anh-31865.html"
"CÔNG TY CỔ PHẦN VẬT LIỆU XÂY DỰNG XANH HÀ NỘI","HANOI GREEN MATERIALS JSC","0111131745","Số nhà 23,TỔ 13 Đường Hồ Chí Minh, Thôn Xuân Thủy, Xã Xuân Mai, Hà Nội","Đang hoạt động (đã được cấp GCN ĐKT)","19/07/2025","Bán buôn vật liệu, thiết bị lắp đặt khác trong xây dựng","https://infodoanhnghiep.com/thong-tin/Cong-Ty-Co-Phan-Vat-Lieu-Xay-Dung-Xanh-Ha-Noi-31745.html"
"CÔNG TY TNHH THƯƠNG MẠI ALEI","ALEI TRADING CO., LTD","0111132178","Xóm 1 thôn Đồng Nhân, Xã An Khánh, Hà Nội","Đang hoạt động (đã được cấp GCN ĐKT)","19/07/2025","Sản xuất các loại hàng dệt khác chưa được phân vào đâu","https://infodoanhnghiep.com/thong-tin/Cong-Ty-TNHH-Thuong-Mai-Alei-32178.html"
"CÔNG TY TNHH ẨM THỰC TÙNG VIỆT NAM","","0111132097","Số 2 phố Hàng Bông, Phường Hoàn Kiếm, Hà Nội","Đang hoạt động (đã được cấp GCN ĐKT)","19/07/2025","Nhà hàng và các dịch vụ ăn uống phục vụ lưu động","https://infodoanhnghiep.com/thong-tin/Cong-Ty-TNHH-Am-Thuc-Tung-Viet-Nam-32097.html"
"CÔNG TY CP TỔNG HỢP THÔNG MINH GIA NGUYỄN INNOVATIVE SOLUTIONS","GIANGUYENINNOVATIVE SOLUTIONS., JSC","0111131752","Số 17, đường Phú Xá, Phường Phú Thượng, Hà Nội","Đang hoạt động (đã được cấp GCN ĐKT)","19/07/2025","Bán lẻ  khác trong các cửa hàng kinh doanh tổng hợp","https://infodoanhnghiep.com/thong-tin/Cong-Ty-CP-Tong-Hop-Thong-Minh-Gia-Nguyen-Innovative-Solutions-31752.html"
"CÔNG TY TNHH SẢN XUẤT VÀ THƯƠNG MẠI CƠ KHÍ CÔNG VƯỢNG","CONG VUONG MECHANICAL TRADING AND PRODUCTION CO., LTD","0111131826","Số nhà 35, Thôn Rùa Thượng, Xã Tam Hưng, Hà Nội","Đang hoạt động (đã được cấp GCN ĐKT)","19/07/2025","Gia công cơ khí; xử lý và tráng phủ kim loại","https://infodoanhnghiep.com/thong-tin/Cong-Ty-TNHH-San-Xuat-Va-Thuong-Mai-Co-Khi-Cong-Vuong-31826.html"
"CÔNG TY CỔ PHẦN ĐIỆN MÁY TÂM VIỆT","DIEN MAY TAM VIET .,JSC","0111131706","Lô 28, Dịch vụ 14, Khu đô thị Tây Nam Linh Đàm, Phường Hoàng Liệt, Hà Nội","Đang hoạt động (đã được cấp GCN ĐKT)","19/07/2025","Bán buôn thiết bị và linh kiện điện tử, viễn thông","https://infodoanhnghiep.com/thong-tin/Cong-Ty-Co-Phan-Dien-May-Tam-Viet-31706.html"
"CÔNG TY TRÁCH NHIỆM HỮU HẠN THƯƠNG MẠI QUỐC TẾ LẠC VIỆT","LAC VIET GLOBAL","0111131791","186 đường Võ Chí Công, Phường Tây Hồ, Hà Nội","Đang hoạt động (đã được cấp GCN ĐKT)","19/07/2025","Nhà hàng và các dịch vụ ăn uống phục vụ lưu động","https://infodoanhnghiep.com/thong-tin/Cong-Ty-Trach-Nhiem-Huu-Han-Thuong-Mai-Quoc-Te-Lac-Viet-31791.html"
"CÔNG TY TNHH THƯƠNG MẠI VÀ DỊCH VỤ HQ HÀ NỘI","","0111131784","Số 4, ngách 67 ngõ 18 Định Công Thượng, Phường Định Công, Hà Nội","Đang hoạt động (đã được cấp GCN ĐKT)","19/07/2025","Bán buôn thực phẩm","https://infodoanhnghiep.com/thong-tin/Cong-Ty-TNHH-Thuong-Mai-Va-Dich-Vu-Hq-Ha-Noi-31784.html"
"CÔNG TY TNHH THƯƠNG MẠI VÀ DỊCH VỤ TỔNG HỢP GOODEX VIỆT NAM","GOODEX VN GT&S CO.,LTD","0111127636","số 3 ngách 8 ngõ 313 đường Lĩnh Nam, Phường Vĩnh Tuy, Hà Nội","Đang hoạt động (đã được cấp GCN ĐKT)","17/07/2025","Bán lẻ  khác trong các cửa hàng kinh doanh tổng hợp","https://infodoanhnghiep.com/thong-tin/Cong-Ty-TNHH-Thuong-Mai-Va-Dich-Vu-Tong-Hop-Goodex-Viet-Nam-27636.html"
"CÔNG TY TNHH NGHỆ THUẬT SƠN MÀI HẠ THÁI","HA THAI LACQUER ART CO., LTD","0111127481","Số 79, Đường Hạ Thái-Mỹ Lộc, Cụm 6, Thôn Hạ Thái, Xã Hồng Vân, Hà Nội","Đang hoạt động (đã được cấp GCN ĐKT)","17/07/2025","Sản xuất khác chưa được phân vào đâu","https://infodoanhnghiep.com/thong-tin/Cong-Ty-TNHH-Nghe-Thuat-Son-Mai-Ha-Thai-27481.html"
"CÔNG TY TNHH STUDIO FORTE","STUDIO FORTE CO., LTD","0111125445","Số nhà 10, ngách 55, Phường Bạch Mai, Hà Nội","Đang hoạt động (đã được cấp GCN ĐKT)","16/07/2025","Hoạt động sản xuất phim điện ảnh, phim video và chương trình truyền hình","https://infodoanhnghiep.com/thong-tin/Cong-Ty-TNHH-Studio-Forte-25445.html"
"CÔNG TY TNHH XUẤT NHẬP KHẨU VÀ THƯƠNG MẠI QUỐC TẾ THỊNH PHÁT","THINH PHAT IMEX INTRACO.,LTD","0111126015","Tầng 10 Tòa Suced Tower, số 108 Đường Nguyễn Hoàng, Phường Từ Liêm, Hà Nội","Đang hoạt động (đã được cấp GCN ĐKT)","16/07/2025","Hoạt động dịch vụ hỗ trợ kinh doanh khác còn lại chưa được phân vào đâu","https://infodoanhnghiep.com/thong-tin/Cong-Ty-TNHH-Xuat-Nhap-Khau-Va-Thuong-Mai-Quoc-Te-Thinh-Phat-26015.html"
"DOANH NGHIỆP TƯ NHÂN VIETNAM FLASH TOUR","NULL","0111126110","9E Đinh Liệt, Phường Hoàn Kiếm, Hà Nội","Đang hoạt động (đã được cấp GCN ĐKT)","16/07/2025","Dịch vụ đặt chỗ và các dịch vụ hỗ trợ liên quan đến quảng bá và tổ chức tua du lịch","https://infodoanhnghiep.com/thong-tin/Doanh-Nghiep-Tu-Nhan-Vietnam-Flash-Tour-26110.html"
"CÔNG TY TNHH YẾN VIETNEST","","0111122959","524 Nguyễn Trãi, Phường Thanh Xuân, Hà Nội","Đang hoạt động (đã được cấp GCN ĐKT)","15/07/2025","Bán buôn thực phẩm","https://infodoanhnghiep.com/thong-tin/Cong-Ty-TNHH-Yen-Vietnest-22959.html"
"CÔNG TY TNHH SẢN XUẤT VÀ PHÂN PHỐI TECH AIR","","0111119850","Tầng 4, tòa nhà Hòa Bình GreenCity, 505 Minh Khai, Phường Vĩnh Tuy, Hà Nội","Đang hoạt động (đã được cấp GCN ĐKT)","11/07/2025","Hoạt động dịch vụ hỗ trợ kinh doanh khác còn lại chưa được phân vào đâu","https://infodoanhnghiep.com/thong-tin/Cong-Ty-TNHH-San-Xuat-Va-Phan-Phoi-Tech-Air-19850.html"
"CÔNG TY TNHH THỰC PHẨM QUÂN NGUYỄN","THỰC PHẨM QUẦN NGUYỄN","0111117028","Số 279, đường Hoàng Quốc Việt, Phường Nghĩa Đô, Hà Nội","Đang hoạt động (đã được cấp GCN ĐKT)","08/07/2025","Sản xuất món ăn, thức ăn chế biến sẵn","https://infodoanhnghiep.com/thong-tin/Cong-Ty-TNHH-Thuc-Pham-Quan-Nguyen-17028.html"
"CÔNG TY TNHH ĐẦU TƯ & THƯƠNG MẠI VĂN ĐIỂM","VAN DIEM TRADING & INVESTMENT CO.,LTD","0111117155","Số nhà 1, ngõ 14, đường Hoa Thám, Xã An Khánh, Hà Nội","Đang hoạt động (đã được cấp GCN ĐKT)","07/07/2025","Hoạt động dịch vụ công nghệ thông tin và dịch vụ khác liên quan đến máy vi tính","https://infodoanhnghiep.com/thong-tin/Cong-Ty-TNHH-Dau-Tu-Thuong-Mai-Van-Diem-17155.html"
"CÔNG TY TNHH THƯƠNG MẠI QUANG VINH PHÁT","","0111117162","Thôn Nội, Xã Hoài Đức, Hà Nội","Đang hoạt động (đã được cấp GCN ĐKT)","07/07/2025","Sản xuất các loại bánh từ bột","https://infodoanhnghiep.com/thong-tin/Cong-Ty-TNHH-Thuong-Mai-Quang-Vinh-Phat-17162.html"
"CÔNG TY TNHH DỊCH VỤ THƯƠNG MẠI KẾ THANH","KE THANH TRADING SERVICES CO.,LTD","0111117123","Số nhà 7B, ngõ 50/06 đường Hoa Thám, Xã An Khánh, Hà Nội","Đang hoạt động (đã được cấp GCN ĐKT)","07/07/2025","","https://infodoanhnghiep.com/thong-tin/Cong-Ty-TNHH-Dich-Vu-Thuong-Mai-Ke-Thanh-17123.html"
"CÔNG TY TNHH TMDV VẠN NHÂN","VAN NHAN TMDV CO.,LTD","0111117109","Số nhà 77 đường Hoa Thám, Xã An Khánh, Hà Nội","Đang hoạt động (đã được cấp GCN ĐKT)","07/07/2025","Hoạt động dịch vụ công nghệ thông tin và dịch vụ khác liên quan đến máy vi tính","https://infodoanhnghiep.com/thong-tin/Cong-Ty-TNHH-TMDV-Van-Nhan-17109.html"
"CÔNG TY TNHH ĐẦU TƯ & THƯƠNG MẠI VẠN NHÂN","VAN NHAN TRADING & INVESTMENT CO.,LTD","0111117116","Số nhà 75 đường Hoa Thám, Xã An Khánh, Hà Nội","Đang hoạt động (đã được cấp GCN ĐKT)","07/07/2025","Hoạt động dịch vụ công nghệ thông tin và dịch vụ khác liên quan đến máy vi tính","https://infodoanhnghiep.com/thong-tin/Cong-Ty-TNHH-Dau-Tu-Thuong-Mai-Van-Nhan-17116.html"
"CÔNG TY TNHH TRUYỀN THÔNG SỰ KIỆN SUN FLOWERS","","0111117010","Tầng 4, Số D2 - TT14, Khu đô thị Văn Quán, Phường Hà Đông, Hà Nội","Đang hoạt động (đã được cấp GCN ĐKT)","07/07/2025","","https://infodoanhnghiep.com/thong-tin/Cong-Ty-TNHH-Truyen-Thong-Su-Kien-Sun-Flowers-17010.html"
"CÔNG TY TNHH COWORKING MOBILE","","0111117035","Tầng 7, Toà TQ Building, Ngõ 286 Nguyễn Xiển, Phường Thanh Liệt, Hà Nội","Đang hoạt động (đã được cấp GCN ĐKT)","07/07/2025","Kinh doanh bất động sản, quyền sử dụng đất thuộc chủ sở hữu, chủ sử dụng hoặc đi thuê","https://infodoanhnghiep.com/thong-tin/Cong-Ty-TNHH-Coworking-Mobile-17035.html"
"CÔNG TY TRÁCH NHIỆM HỮU HẠN TƯ VẤN PHÁP LÝ KINH DOANH VIỆT NAM","BLC LLC","0111113062","sốll Cửa Bắc, Phường Trúc Bạch, Quận Ba Đình, Hà Nội","Đang hoạt động (đã được cấp GCN ĐKT)","28/06/2025","Hoạt động tư vấn quản lý","https://infodoanhnghiep.com/thong-tin/Cong-Ty-Trach-Nhiem-Huu-Han-Tu-Van-Phap-Ly-Kinh-Doanh-Viet-Nam-13062.html"
"CÔNG TY TNHH BẢO MINH NGUYÊN","BAO MINH NGUYÊN COMPANY","0111114838","Số 82, ngõ 108 phố Ngọc Hà, Phường Ngọc Hà, Quận Ba Đình, Hà Nội","Đang hoạt động (đã được cấp GCN ĐKT)","28/06/2025","Dịch vụ ăn uống khác","https://infodoanhnghiep.com/thong-tin/Cong-Ty-TNHH-Bao-Minh-Nguyen-14838.html"
"CÔNG TY TNHH AN ACADEMY VIETNAM","","0111113672","4BT2 Khu đô thị Vinaconex 3 Trung Văn, Phường Trung Văn, Quận Nam Từ Liêm, Hà Nội","Đang hoạt động (đã được cấp GCN ĐKT)","28/06/2025","Giáo dục khác chưa được phân vào đâu","https://infodoanhnghiep.com/thong-tin/Cong-Ty-TNHH-An-Academy-Vietnam-13672.html"
"CÔNG TY TNHH CỐC GIẤY TÂM VIỆT","","0111114796","Số nhà 31, Ngách 16/61, Đường Đỗ Xuân Hợp, TDP 15 Tân Mỹ, Phường Mỹ Đình 1, Quận Nam Từ Liêm, Hà Nội","Đang hoạt động (đã được cấp GCN ĐKT)","28/06/2025","Sản xuất giấy nhăn, bìa nhăn, bao bì từ giấy và bìa","https://infodoanhnghiep.com/thong-tin/Cong-Ty-TNHH-Coc-Giay-Tam-Viet-14796.html"
"CÔNG TY CỔ PHẦN TRUYỀN THÔNG VÀ THƯƠNG MẠI MORIX AGENCY","MORIX AGENCY COMMUNICATION AND TRADING .,JSC","0111114517","Số 3B ngõ 495 đường Nguyễn Trãi, Phường Thanh Xuân Bắc, Quận Thanh Xuân, Hà Nội","Đang hoạt động (đã được cấp GCN ĐKT)","28/06/2025","Cổng thông tin","https://infodoanhnghiep.com/thong-tin/Cong-Ty-Co-Phan-Truyen-Thong-Va-Thuong-Mai-Morix-Agency-14517.html"
"CÔNG TY TNHH THƯƠNG MẠI VÀ DỊCH VỤ HIỂU MINH","","0111115140","SỐ16 Đường Bờ Sông Sét, Phường Thịnh Liệt, Quận Hoàng Mai, Hà Nội","Đang hoạt động (đã được cấp GCN ĐKT)","28/06/2025","Bán buôn đồ dùng khác cho gia đình","https://infodoanhnghiep.com/thong-tin/Cong-Ty-TNHH-Thuong-Mai-Va-Dich-Vu-Hieu-Minh-15140.html"
"CÔNG TY TNHH SẢN XUẤT VÀ DỊCH VỤ GT","","0111115285","SỐ101 ngõ 219 phố Định Công Thượng, Phường Định Công, Quận Hoàng Mai, Hà Nội","Đang hoạt động (đã được cấp GCN ĐKT)","28/06/2025","Cưa, xẻ, bào gỗ và bảo quản gỗ","https://infodoanhnghiep.com/thong-tin/Cong-Ty-TNHH-San-Xuat-Va-Dich-Vu-Gt-15285.html"
"CÔNG TY TNHH ĐẦU TƯ PHÁT TRIỂN GIÁO DỤC TIẾNG NHẬT EDO SENTA","EDO SENTA JAPANESE EDU CO., LTD","0111114933","Ô DV 3, Khu nhà ở cao cấp Ngôi nhà mới, Thị Trấn Quốc Oai, Huyện Quốc Oai, Hà Nội","Đang hoạt động (đã được cấp GCN ĐKT)","28/06/2025","Giáo dục khác chưa được phân vào đâu","https://infodoanhnghiep.com/thong-tin/Cong-Ty-TNHH-Dau-Tu-Phat-Trien-Giao-Duc-Tieng-Nhat-Edo-Senta-14933.html"
"CÔNG TY TNHH DỊCH VỤ VÀ THƯƠNG MẠI HTD 25","HTD 25 CO.,LTD","0111115045","Số nhà 92tổ 13 Mậu Lương, Phường Kiến Hưng, Quận Hà Đông, Hà Nội","Đang hoạt động (đã được cấp GCN ĐKT)","28/06/2025","Bán buôn vật liệu, thiết bị lắp đặt khác trong xây dựng","https://infodoanhnghiep.com/thong-tin/Cong-Ty-TNHH-Dich-Vu-Va-Thuong-Mai-Htd-25-15045.html"
"CÔNG TY TNHH ĐẦU TƯ PHÁT TRIỂN THƯƠNG MẠI HẠNH HUY","","0111115038","Số 189 đường Vạn Phúc, Phường Vạn Phúc, Quận Hà Đông, Hà Nội","Đang hoạt động (đã được cấp GCN ĐKT)","28/06/2025","Bán buôn sản phẩm thuốc lá, thuốc lào","https://infodoanhnghiep.com/thong-tin/Cong-Ty-TNHH-Dau-Tu-Phat-Trien-Thuong-Mai-Hanh-Huy-15038.html"
"CÔNG TY TNHH THƯƠNG MẠI VÀ SẢN XUẤT PHỤ KIỆN NGÀNH CỬA ĐỖ LƯƠNG GIA","","0111114997","Số 6 Ngách 61/123, Đường Vạn Phúc, Phường Vạn Phúc, Quận Hà Đông, Hà Nội","Đang hoạt động (đã được cấp GCN ĐKT)","28/06/2025","Sản xuất khác chưa được phân vào đâu","https://infodoanhnghiep.com/thong-tin/Cong-Ty-TNHH-Thuong-Mai-Va-San-Xuat-Phu-Kien-Nganh-Cua-Do-Luong-Gia-14997.html"
"CÔNG TY TNHH KINH DOANH XUẤT NHẬP KHẨU VÀ THƯƠNG MẠI QUANG MINH","","0111114972","Số nhà 4 ngõ 2, Phố Tô Hiến Thành, Phường Phúc La, Quận Hà Đông, Hà Nội","Đang hoạt động (đã được cấp GCN ĐKT)","28/06/2025","Bán buôn vật liệu, thiết bị lắp đặt khác trong xây dựng","https://infodoanhnghiep.com/thong-tin/Cong-Ty-TNHH-Kinh-Doanh-Xuat-Nhap-Khau-Va-Thuong-Mai-Quang-Minh-14972.html"
"CÔNG TY TNHH DỊCH VỤ VÀ ĐÀO TẠO HÀ AN","HA AN SERVICE AND TRAINING CO., LTD","0111114958","Số 3 LK27 Khu đô thị Văn Phú, Phường Phú La, Quận Hà Đông, Hà Nội","Đang hoạt động (đã được cấp GCN ĐKT)","28/06/2025","May trang phục (trừ trang phục từ da lông thú)","https://infodoanhnghiep.com/thong-tin/Cong-Ty-TNHH-Dich-Vu-Va-Dao-Tao-Ha-An-14958.html"
"CÔNG TY TNHH SẢN XUẤT VÀ THƯƠNG MẠI ISPVN","","0111114965","Lô C63-LK19, ô số 10, khu c, khu đô thị Gelexomco Lê Trọng Tấn, Phường Dương Nội, Quận Hà Đông, Hà Nội","Đang hoạt động (đã được cấp GCN ĐKT)","28/06/2025","Bán buôn thiết bị và linh kiện điện tử, viễn thông","https://infodoanhnghiep.com/thong-tin/Cong-Ty-TNHH-San-Xuat-Va-Thuong-Mai-Ispvn-14965.html"
"CÔNG TY TNHH DTECH MEDIA","DTEM CO., LTD","0111114161","Liền kề 28, KĐT Romantic Park, phố Lưu Cơ, Phường Xuân Đỉnh, Quận Bắc Từ Liêm, Hà Nội","Đang hoạt động (đã được cấp GCN ĐKT)","28/06/2025","Dịch vụ liên quan đến in","https://infodoanhnghiep.com/thong-tin/Cong-Ty-TNHH-Dtech-Media-14161.html"
"CÔNG TY TNHH 526 HOLDINGS","","0111113760","Số 63, ngõ 33, phố Đoàn Quang Dung, Thị Trấn Trâu Quỳ, Huyện Gia Lâm, Hà Nội","Đang hoạt động (đã được cấp GCN ĐKT)","28/06/2025","Xây dựng nhà để ở","https://infodoanhnghiep.com/thong-tin/Cong-Ty-TNHH-526-Holdings-13760.html"
"CÔNG TY TNHH LAB ANH TUẤN","ANH TUAN LAB CO., LTD","0111113778","Số nhà 48, đường Giáp Hải, Xã Bát Tràng, Huyện Gia Lâm, Hà Nội","Đang hoạt động (đã được cấp GCN ĐKT)","28/06/2025","Sản xuất thiết bị, dụng cụ y tế, nha khoa, chỉnh hình và phục hồi chức năng","https://infodoanhnghiep.com/thong-tin/Cong-Ty-TNHH-Lab-Anh-Tuan-13778.html"
"CÔNG TY TNHH K6 MEDIA","K6 MEDIA","0111114203","Số nhà 32, ngách 15, ngõ 106, đường Hoàng Quốc Việt, Phường cổ Nhuế 1, Quận Bắc Từ Liêm, Hà Nội","Đang hoạt động (đã được cấp GCN ĐKT)","28/06/2025","Quảng cáo","https://infodoanhnghiep.com/thong-tin/Cong-Ty-TNHH-K6-Media-14203.html"
"CÔNG TY CỔ PHẦN TRƯỜNG PHÁT VIS","","0111114348","Số 329 Thôn Đại Quang, Xã Sơn Đông, Thị Xã Sơn Tây, Hà Nội","Đang hoạt động (đã được cấp GCN ĐKT)","28/06/2025","Gia công cơ khí; xử lý và tráng phủ kim loại","https://infodoanhnghiep.com/thong-tin/Cong-Ty-Co-Phan-Truong-Phat-Vis-14348.html"
"CÔNG TY TNHH HẢI TIẾN GOLF NEW","HAI TIEN GOLF NEW CO., LTD","0111114267","Nhà Fll-Khu B, Đường Đại học Mỏ địa chất, Tổ dân phố 4, Phường cổ Nhuế 2, Quận Bắc Từ Liêm, Hà Nội","Đang hoạt động (đã được cấp GCN ĐKT)","28/06/2025","Hoạt động của các cơ sở thể thao","https://infodoanhnghiep.com/thong-tin/Cong-Ty-TNHH-Hai-Tien-Golf-New-14267.html"
"CÔNG TY CỔ PHẦN KIẾN TRÚC VÀ NỘI THẤT LIVE HOME","","0111111298","Số 2, ngõ 277 Vũ Tông Phan, Phường Khương Trung, Quận Thanh Xuân, Hà Nội","Đang hoạt động (đã được cấp GCN ĐKT)","27/06/2025","Hoạt động kiến trúc và tư vấn kỹ thuật có liên quan","https://infodoanhnghiep.com/thong-tin/Cong-Ty-Co-Phan-Kien-Truc-Va-Noi-That-Live-Home-11298.html"
"CÔNG TY CỔ PHẦN CÔNG NGHỆ NỘI ĐỊA TOÀN CẦU","","0111111273","Số 46, phố Nguy Như Kon Tum, Phường Nhân Chính, Quận Thanh Xuân, Hà Nội","Đang hoạt động (đã được cấp GCN ĐKT)","27/06/2025","Xuất bản phần mềm","https://infodoanhnghiep.com/thong-tin/Cong-Ty-Co-Phan-Cong-Nghe-Noi-Dia-Toan-Cau-11273.html"
"CÔNG TY TNHH ANT CLOUD","ANT CLOUD CO.,LTD","0111111594","Tầng 6, nhà số 3 ngõ 171 Minh Khai, Phường Minh Khai, Quận Hai Bà Trưng, Hà Nội","Đang hoạt động (đã được cấp GCN ĐKT)","27/06/2025","Quảng cáo","https://infodoanhnghiep.com/thong-tin/Cong-Ty-TNHH-Ant-Cloud-11594.html"
"CÔNG TY TNHH SKY UK ENTERTAINMENT","SKY UK ENTERTAINMENT CO., LTD","0111111629","Số 28 ngõ 403 phố Bạch Mai, Phường Trương Định, Quận Hai Bà Trưng, Hà Nội","Đang hoạt động (đã được cấp GCN ĐKT)","27/06/2025","Hoạt động sáng tác, nghệ thuật và giải trí","https://infodoanhnghiep.com/thong-tin/Cong-Ty-TNHH-Sky-Uk-Entertainment-11629.html"
"CÔNG TY TNHH CHĂN GA GỐI HANSOO","HANSOO","0111111548","Số 5 ngõ 158 Trương Định, Phường Trương Định, Quận Hai Bà Trưng, Hà Nội","Đang hoạt động (đã được cấp GCN ĐKT)","27/06/2025","Sản xuất thảm, chăn, đệm","https://infodoanhnghiep.com/thong-tin/Cong-Ty-TNHH-Chan-Ga-Goi-Hansoo-11548.html"
"CÔNG TY TNHH SOL EDUCATION VIỆT NAM","SOL EDUCATION VIET NAM CO., LTD","0111111555","Căn 2- nhà KlTập thể cơ khí Trần Hưng Đạo, Phường Đồng Nhân, Quận Hai Bà Trưng, Hà Nội","Đang hoạt động (đã được cấp GCN ĐKT)","27/06/2025","Dịch vụ hỗ trợ giáo dục","https://infodoanhnghiep.com/thong-tin/Cong-Ty-TNHH-Sol-Education-Viet-Nam-11555.html"
"CÔNG TY TNHH ĐẦU TƯ VÀ THƯƠNG MẠI KỲ NAM","","0111109732","Thôn Thuận Tốn, Xã Đa Tốn, Huyện Gia Lâm, Hà Nội","Đang hoạt động (đã được cấp GCN ĐKT)","27/06/2025","Bán phụ tùng và các bộ phận phụ trợ của mô tô, xe máy","https://infodoanhnghiep.com/thong-tin/Cong-Ty-TNHH-Dau-Tu-Va-Thuong-Mai-Ky-Nam-09732.html"
"CÔNG TY TNHH TECLA","","0111109323","No03-B4, TĐC Giang Biên, Long Biên, Hà Nội, Phường Giang Biên, Quận Long Biên, Hà Nội","Đang hoạt động (đã được cấp GCN ĐKT)","27/06/2025","Dịch vụ hỗ trợ giáo dục","https://infodoanhnghiep.com/thong-tin/Cong-Ty-TNHH-Tecla-09323.html"
"CÔNG TY TNHH TMDV NGỌC KHÁNH HC","NGOC KHANH HC CO., LTD","0111109789","Số 10e ngõ 201/62 Đường Phúc Lợi, Phường Phúc Lợi, Quận Long Biên, Hà Nội","Đang hoạt động (đã được cấp GCN ĐKT)","27/06/2025","Bán phụ tùng và các bộ phận phụ trợ của ô tô và xe có động cơ khác","https://infodoanhnghiep.com/thong-tin/Cong-Ty-TNHH-TMDV-Ngoc-Khanh-Hc-09789.html"
"CÔNG TY TNHH SẢN XUẤT VÀ THƯƠNG MẠI DỊCH VỤ LIENA CLOSET","LIENA CLOSET CO., LTD","0111107291","Số nhà 4, ngách 2, ngõ 1 đường Xóm Chùa thôn Kim Bài, Thị Trấn Kim Bài, Huyện Thanh Oai, Hà Nội","Đang hoạt động (đã được cấp GCN ĐKT)","26/06/2025","May trang phục (trừ trang phục từ da lông thú)","https://infodoanhnghiep.com/thong-tin/Cong-Ty-TNHH-San-Xuat-Va-Thuong-Mai-Dich-Vu-Liena-Closet-07291.html"
"CÔNG TY TNHH KINH DOANH THƯƠNG MẠI DỊCH VỤ VIỆT TOÀN","","0111107090","SỐ01 ngõ 74tổ 11, phố Thượng Thanh, Phường Thượng Thanh, Quận Long Biên, Hà Nội","Đang hoạt động (đã được cấp GCN ĐKT)","26/06/2025","Bán lẻ hàng hóa khác mới trong các cửa hàng chuyên doanh","https://infodoanhnghiep.com/thong-tin/Cong-Ty-TNHH-Kinh-Doanh-Thuong-Mai-Dich-Vu-Viet-Toan-07090.html"
"CÔNG TY TNHH THƯƠNG MẠI HÀNG NGUYÊN","","0111107728","Số nhà 64, Xóm Mới, Thôn Văn Hội, Xã Văn Hoàng, Huyện Phú Xuyên, Hà Nội","Đang hoạt động (đã được cấp GCN ĐKT)","26/06/2025","Bán buôn vải, hàng may mặc, giày dép","https://infodoanhnghiep.com/thong-tin/Cong-Ty-TNHH-Thuong-Mai-Hang-Nguyen-07728.html"
"CÔNG TY TNHH CÔNG NGHỆ ĐIỆN MÁY LÊ MẠNH","LE MANH ELECTRICAL MECHANICAL TECHNOLOGY CO., LTD","0111106234","Liền ke 18/40, Khu đô thị Kim Chung - Di Trạch, Xã Kim Chung, Huyện Hoài Đức, Hà Nội","Đang hoạt động (đã được cấp GCN ĐKT)","26/06/2025","","https://infodoanhnghiep.com/thong-tin/Cong-Ty-TNHH-Cong-Nghe-Dien-May-Le-Manh-06234.html"
"CÔNG TY TNHH SXTM NGỌC ANH","SXTM NGOC ANH CO., LTD","0111108030","Số 7, ngõ 51, đường La Phù, Thôn Chùa Tổng, Xã La Phù, Huyện Hoài Đức, Hà Nội","Đang hoạt động (đã được cấp GCN ĐKT)","26/06/2025","Bán buôn tổng hợp","https://infodoanhnghiep.com/thong-tin/Cong-Ty-TNHH-Sxtm-Ngoc-Anh-08030.html"
"CÔNG TY TNHH THƯƠNG MẠI ĐIỆN MÁY HUYỀN CƯƠNG","HUYEN CUONG CO., LTD","0111109468","Thôn 5, Xã Trung Châu, Huyện Đan Phượng, Hà Nội","Đang hoạt động (đã được cấp GCN ĐKT)","26/06/2025","Bán lẻ đồ điện gia dụng, giường, tủ, bàn, ghế và đồ nội thất tương tự, đèn và bộ đèn điện, đồ dùng gia đình khác chưa được phân vào đâu trong các cửa hàng chuyên doanh","https://infodoanhnghiep.com/thong-tin/Cong-Ty-TNHH-Thuong-Mai-Dien-May-Huyen-Cuong-09468.html"
"CÔNG TY TNHH ĐIỆN MẶT TRỜI PHÚ XUYÊN","","0111108915","Tiểu Khu Mỹ Lâm, Thị Trấn Phú Xuyên, Huyện Phú Xuyên, Hà Nội","Đang hoạt động (đã được cấp GCN ĐKT)","26/06/2025","Lắp đặt hệ thống điện","https://infodoanhnghiep.com/thong-tin/Cong-Ty-TNHH-Dien-Mat-Troi-Phu-Xuyen-08915.html"
"CÔNG TY CỔ PHẦN LK HÀ NỘI","","0111108665","Tầng 1, nhà Sốl3 Đào Duy Từ, Phường Hàng Buồm, Quận Hoàn Kiếm, Hà Nội","Đang hoạt động (đã được cấp GCN ĐKT)","26/06/2025","Kinh doanh bất động sản, quyền sử dụng đất thuộc chủ sở hữu, chủ sử dụng hoặc đi thuê","https://infodoanhnghiep.com/thong-tin/Cong-Ty-Co-Phan-Lk-Ha-Noi-08665.html"
"CÔNG TY TNHH SORA TECHNOLOGIES","SORA TECHNOLOGIES CO., LTD","0111107982","Số 11, hẻm 74/13, ngõ Thịnh Hào 1, đường Tôn Đức Thắng, Phường Hàng Bột, Quận Đống đa, Hà Nội","Đang hoạt động (đã được cấp GCN ĐKT)","26/06/2025","Lập trình máy vi tính","https://infodoanhnghiep.com/thong-tin/Cong-Ty-TNHH-Sora-Technologies-07982.html"
"CÔNG TY TNHH TƯ VẤN VÀ THƯƠNG MẠI SUNRISE","SUNRISE CONSULTING AND TRADING CO.,LTD","0111108859","Tầng 6, Tòa nhà Icon 4, số 243A Đê La Thành, Phường Láng Thượng, Quận Đống đa, Hà Nội","Đang hoạt động (đã được cấp GCN ĐKT)","26/06/2025","Hoạt động dịch vụ hỗ trợ kinh doanh khác còn lại chưa được phân vào đâu","https://infodoanhnghiep.com/thong-tin/Cong-Ty-TNHH-Tu-Van-Va-Thuong-Mai-Sunrise-08859.html"
"CÔNG TY TNHH XE ĐẠP HÙNG ANH","HUNG ANH BICYCLE","0111107277","Số 153 đường Nhật Chiêu, Phường Nhật Tân, Quận Tây Hồ, Hà Nội","Đang hoạt động (đã được cấp GCN ĐKT)","26/06/2025","Bán lẻ hàng hóa khác mới trong các cửa hàng chuyên doanh","https://infodoanhnghiep.com/thong-tin/Cong-Ty-TNHH-Xe-Dap-Hung-Anh-07277.html"
"CÔNG TY TNHH ĐẠT AN DƯƠNG","","0111107252","số 126 ngách 32 ngõ 76 Phố An Dương, Phường Yên Phụ, Quận Tây Hồ, Hà Nội","Đang hoạt động (đã được cấp GCN ĐKT)","26/06/2025","Bán buôn thực phẩm","https://infodoanhnghiep.com/thong-tin/Cong-Ty-TNHH-Dat-An-Duong-07252.html"
"CÔNG TY CỔ PHẦN HAPPY ECO","HAPPYECO.JSC","0111107189","Số nhà 17, ngõ 264, Đường Âu Cơ, Phường Nhật Tân, Quận Tây Hồ, Hà Nội","Đang hoạt động (đã được cấp GCN ĐKT)","26/06/2025","Tư vấn, môi giới, đấu giá bất động sản, đấu giá quyền sử dụng đất","https://infodoanhnghiep.com/thong-tin/Cong-Ty-Co-Phan-Happy-Eco-07189.html"
"CÔNG TY CỔ PHẦN SHAHA OMNIA GROUP","SHAHA OMNIA GROUP., JSC","0111107220","Số 64 ngõ 210A đường Võ Chí Công, Phường Xuân La, Quận Tây Hồ, Hà Nội","Đang hoạt động (đã được cấp GCN ĐKT)","26/06/2025","Bán buôn máy móc, thiết bị và phụ tùng máy khác","https://infodoanhnghiep.com/thong-tin/Cong-Ty-Co-Phan-Shaha-Omnia-Group-07220.html"
"CÔNG TY TNHH MTV TD VÂN ANH","VAN ANH TD MTV CO., LTD","0111109002","Số Nhà 19, Ngõ 185/19, Đường Dương Đức Hiền, Xã Phú Sơn, Huyện Gia Lâm, Hà Nội","Đang hoạt động (đã được cấp GCN ĐKT)","26/06/2025","Bán buôn tổng hợp","https://infodoanhnghiep.com/thong-tin/Cong-Ty-TNHH-MTV-Td-Van-Anh-09002.html"
"CÔNG TY TNHH NAM PHÁT 86","","0111108979","Số 7 đường Thành Trung, Thị Trấn Trâu Quỳ, Huyện Gia Lâm, Hà Nội","Đang hoạt động (đã được cấp GCN ĐKT)","26/06/2025","Bán buôn thực phẩm","https://infodoanhnghiep.com/thong-tin/Cong-Ty-TNHH-Nam-Phat-86-08979.html"
"CÔNG TY TNHH LITA MEDIA","LITAMEDIA","0111108986","Căn 63, Sao Biển 23, KĐT Vinhomes Ocean Park, Xã Dương Xá, Huyện Gia Lâm, Hà Nội","Đang hoạt động (đã được cấp GCN ĐKT)","26/06/2025","Quảng cáo","https://infodoanhnghiep.com/thong-tin/Cong-Ty-TNHH-Lita-Media-08986.html"
"CÔNG TY CỔ PHẦN THƯƠNG MẠI PHÁT TRIỂN ĐẦU TƯ BÌNH AN","BINH AN INDETRA","0111109443","Số 17, phố Trần Hưng Đạo, Phường Phan Chu Trinh, Quận Hoàn Kiếm, Hà Nội","Đang hoạt động (đã được cấp GCN ĐKT)","26/06/2025","Kinh doanh bất động sản, quyền sử dụng đất thuộc chủ sở hữu, chủ sử dụng hoặc đi thuê","https://infodoanhnghiep.com/thong-tin/Cong-Ty-Co-Phan-Thuong-Mai-Phat-Trien-Dau-Tu-Binh-An-09443.html"
"CÔNG TY TNHH CD TAILOR SÀI GÒN","CD TAILOR SAI GON CO., LTD","0111108961","Số 1 Phố Vọng Đức, Phường Hàng Bài, Quận Hoàn Kiếm, Hà Nội","Đang hoạt động (đã được cấp GCN ĐKT)","26/06/2025","","https://infodoanhnghiep.com/thong-tin/Cong-Ty-TNHH-Cd-Tailor-Sai-Gon-08961.html"
"CÔNG TY TNHH THƯƠNG MẠI SEAFOOD NAM PHONG","SEAFOOD NAM PHONG CO., LTD","0111108619","Số 3/661/25/2 phố Bạch Đằng, Phường Chương Dương, Quận Hoàn Kiếm, Hà Nội","Đang hoạt động (đã được cấp GCN ĐKT)","26/06/2025","Bán lẻ thực phẩm trong các cửa hàng chuyên doanh","https://infodoanhnghiep.com/thong-tin/Cong-Ty-TNHH-Thuong-Mai-Seafood-Nam-Phong-08619.html"
"CÔNG TY CỔ PHẦN DU LỊCH LILY","LILYTRAVEL","0111109475","Số nhà 16A phố Lý Nam Đe, Phường Hàng Mã, Quận Hoàn Kiếm, Hà Nội","Đang hoạt động (đã được cấp GCN ĐKT)","26/06/2025","Đại lý du lịch","https://infodoanhnghiep.com/thong-tin/Cong-Ty-Co-Phan-Du-Lich-Lily-09475.html"
